{
  "benchmarks": {
    "bench_attr_access.py": {
      "cpython_time_s": 0.19650709700848287,
      "cython_ok": false,
      "cython_time_s": 0.0,
      "molt_cpython_ratio": 1.3239084321244672,
      "molt_ok": true,
      "molt_size_kb": 2175.1640625,
      "molt_speedup": 0.7553392483461311,
      "molt_time_s": 0.26015740270183113,
      "numba_ok": false,
      "numba_time_s": 0.0,
      "pypy_time_s": 0.0821138609899208
    },
    "bench_bytes_find.py": {
      "cpython_time_s": 0.06899941699036087,
      "cython_ok": false,
      "cython_time_s": 0.0,
      "molt_cpython_ratio": 0.19327176332327314,
      "molt_ok": true,
      "molt_size_kb": 2173.7265625,
      "molt_speedup": 5.174061553561577,
      "molt_time_s": 0.013335638990004858,
      "numba_ok": false,
      "numba_time_s": 0.0,
      "pypy_time_s": 0.08706959732808173
    },
    "bench_bytes_find_only.py": {
      "cpython_time_s": 0.17520091632225862,
      "cython_ok": false,
      "cython_time_s": 0.0,
      "molt_cpython_ratio": 0.3267284567361425,
      "molt_ok": true,
      "molt_size_kb": 2173.9765625,
      "molt_speedup": 3.0606455586682317,
      "molt_time_s": 0.0572431250087296,
      "numba_ok": false,
      "numba_time_s": 0.0,
      "pypy_time_s": 1.1171845416732442
    },
    "bench_bytes_replace.py": {
      "cpython_time_s": 0.07391583333568026,
      "cython_ok": false,
      "cython_time_s": 0.0,
      "molt_cpython_ratio": 0.36534158443058184,
      "molt_ok": true,
      "molt_size_kb": 2173.9609375,
      "molt_speedup": 2.7371644581839516,
      "molt_time_s": 0.027004527665364247,
      "numba_ok": false,
      "numba_time_s": 0.0,
      "pypy_time_s": 0.10068923564782988
    },
    "bench_deeply_nested_loop.py": {
      "cpython_time_s": 15.730918180663139,
      "cython_ok": false,
      "cython_time_s": 0.0,
      "molt_cpython_ratio": 0.5283028602581133,
      "molt_ok": true,
      "molt_size_kb": 2173.8359375,
      "molt_speedup": 1.892853655025508,
      "molt_time_s": 8.310689069330692,
      "numba_ok": false,
      "numba_time_s": 0.0,
      "pypy_time_s": 0.44848083332180977
    },
    "bench_descriptor_property.py": {
      "cpython_time_s": 0.19295956968562678,
      "cython_ok": false,
      "cython_time_s": 0.0,
      "molt_cpython_ratio": 3.1696931452401387,
      "molt_ok": true,
      "molt_size_kb": 2176.2265625,
      "molt_speedup": 0.3154879523595774,
      "molt_time_s": 0.6116226253410181,
      "numba_ok": false,
      "numba_time_s": 0.0,
      "pypy_time_s": 0.08320298631830762
    },
    "bench_dict_ops.py": {
      "cpython_time_s": 0.07133430566561098,
      "cython_ok": false,
      "cython_time_s": 0.0,
      "molt_cpython_ratio": 0.2457853879410432,
      "molt_ok": true,
      "molt_size_kb": 2173.6171875,
      "molt_speedup": 4.068590115861042,
      "molt_time_s": 0.01753292999152715,
      "numba_ok": false,
      "numba_time_s": 0.0,
      "pypy_time_s": 0.08271326363319531
    },
    "bench_fib.py": {
      "cpython_time_s": 0.22107030565772826,
      "cython_ok": false,
      "cython_time_s": 0.0,
      "molt_cpython_ratio": 4.044198671010818,
      "molt_ok": true,
      "molt_size_kb": 2174.1015625,
      "molt_speedup": 0.2472677732595311,
      "molt_time_s": 0.89405223634094,
      "numba_ok": false,
      "numba_time_s": 0.0,
      "pypy_time_s": 0.11026568035595119
    },
    "bench_generator_iter.py": {
      "cpython_time_s": 0.06382143064790095,
      "cython_ok": false,
      "cython_time_s": 0.0,
      "molt_cpython_ratio": 0.438766540504182,
      "molt_ok": true,
      "molt_size_kb": 2174.5703125,
      "molt_speedup": 2.279116358441805,
      "molt_time_s": 0.02800270833540708,
      "numba_ok": false,
      "numba_time_s": 0.0,
      "pypy_time_s": 0.08156144434663777
    },
    "bench_list_ops.py": {
      "cpython_time_s": 0.06899301366259654,
      "cython_ok": false,
      "cython_time_s": 0.0,
      "molt_cpython_ratio": 0.21594859907094183,
      "molt_ok": true,
      "molt_size_kb": 2173.6171875,
      "molt_speedup": 4.630731592157667,
      "molt_time_s": 0.014898944646120071,
      "numba_ok": false,
      "numba_time_s": 0.0,
      "pypy_time_s": 0.08197383334239323
    },
    "bench_matrix_math.py": {
      "cpython_time_s": 0.1502343893322783,
      "cython_ok": false,
      "cython_time_s": 0.0,
      "molt_cpython_ratio": 0.12165453434613345,
      "molt_ok": true,
      "molt_size_kb": 2174.6484375,
      "molt_speedup": 8.219997761487326,
      "molt_time_s": 0.018276694676994037,
      "numba_ok": false,
      "numba_time_s": 0.0,
      "pypy_time_s": 0.1249286246796449
    },
    "bench_max_list.py": {
      "cpython_time_s": 0.20795419433852658,
      "cython_ok": false,
      "cython_time_s": 0.0,
      "molt_cpython_ratio": 1.8456575843521497,
      "molt_ok": true,
      "molt_size_kb": 2173.5703125,
      "molt_speedup": 0.5418123104080615,
      "molt_time_s": 0.3838122359787424,
      "numba_ok": false,
      "numba_time_s": 0.0,
      "pypy_time_s": 0.0853950556484051
    },
    "bench_memoryview_tobytes.py": {
      "cpython_time_s": 0.06078941667995726,
      "cython_ok": false,
      "cython_time_s": 0.0,
      "molt_cpython_ratio": 0.38369388332304094,
      "molt_ok": true,
      "molt_size_kb": 2173.8671875,
      "molt_speedup": 2.606244309498352,
      "molt_time_s": 0.02332452735087524,
      "numba_ok": false,
      "numba_time_s": 0.0,
      "pypy_time_s": 0.07939922237225498
    },
    "bench_min_list.py": {
      "cpython_time_s": 0.20066440268419683,
      "cython_ok": false,
      "cython_time_s": 0.0,
      "molt_cpython_ratio": 1.9334640216038241,
      "molt_ok": true,
      "molt_size_kb": 2173.5703125,
      "molt_speedup": 0.5172064175109355,
      "molt_time_s": 0.3879774030065164,
      "numba_ok": false,
      "numba_time_s": 0.0,
      "pypy_time_s": 0.08570990267132099
    },
    "bench_parse_msgpack.py": {
      "cpython_time_s": 0.7223990969747925,
      "cython_ok": false,
      "cython_time_s": 0.0,
      "molt_cpython_ratio": 0.052007262762857644,
      "molt_ok": true,
      "molt_size_kb": 2174.2890625,
      "molt_speedup": 19.22808367284764,
      "molt_time_s": 0.037569999656019114,
      "numba_ok": false,
      "numba_time_s": 0.0,
      "pypy_time_s": 0.0
    },
    "bench_prod_list.py": {
      "cpython_time_s": 0.14084937466153255,
      "cython_ok": false,
      "cython_time_s": 0.0,
      "molt_cpython_ratio": 0.1631146562359427,
      "molt_ok": true,
      "molt_size_kb": 2173.5703125,
      "molt_speedup": 6.1306569444839845,
      "molt_time_s": 0.02297459732896338,
      "numba_ok": false,
      "numba_time_s": 0.0,
      "pypy_time_s": 0.08432527769279356
    },
    "bench_range_iter.py": {
      "cpython_time_s": 0.10223587499543403,
      "cython_ok": false,
      "cython_time_s": 0.0,
      "molt_cpython_ratio": 0.3068505941904097,
      "molt_ok": true,
      "molt_size_kb": 2173.5078125,
      "molt_speedup": 3.2589149864232327,
      "molt_time_s": 0.031371138989925385,
      "numba_ok": false,
      "numba_time_s": 0.0,
      "pypy_time_s": 0.08063175001492102
    },
    "bench_str_count.py": {
      "cpython_time_s": 0.0670539999846369,
      "cython_ok": false,
      "cython_time_s": 0.0,
      "molt_cpython_ratio": 0.18111956562132128,
      "molt_ok": true,
      "molt_size_kb": 2173.6171875,
      "molt_speedup": 5.521214654913464,
      "molt_time_s": 0.01214479135038952,
      "numba_ok": false,
      "numba_time_s": 0.0,
      "pypy_time_s": 0.08313577767694369
    },
    "bench_str_count_unicode.py": {
      "cpython_time_s": 0.06624908299030115,
      "cython_ok": false,
      "cython_time_s": 0.0,
      "molt_cpython_ratio": 0.5046145270775534,
      "molt_ok": true,
      "molt_size_kb": 2173.6796875,
      "molt_speedup": 1.9817106847704993,
      "molt_time_s": 0.0334302496824724,
      "numba_ok": false,
      "numba_time_s": 0.0,
      "pypy_time_s": 0.09289426370135818
    },