{
  "benchmarks": {
    "bench_async_await.py": {
      "cpython_time_s": 0.10881162531829129,
      "cython_ok": false,
      "cython_time_s": 0.0,
      "molt_cpython_ratio": 0.07798684487854554,
      "molt_ok": true,
      "molt_size_kb": 2419.6015625,
      "molt_speedup": 12.822675434009044,
      "molt_time_s": 0.008485875344680002,
      "numba_ok": false,
      "numba_time_s": 0.0,
      "pypy_time_s": 0.15281016631828
    },
    "bench_attr_access.py": {
      "cpython_time_s": 0.12427151368077223,
      "cython_ok": false,
      "cython_time_s": 0.0,
      "molt_cpython_ratio": 1.734064605480814,
      "molt_ok": true,
      "molt_size_kb": 2389.4609375,
      "molt_speedup": 0.5766797827712563,
      "molt_time_s": 0.21549483334335187,
      "numba_ok": false,
      "numba_time_s": 0.0,
      "pypy_time_s": 0.055062263660753764
    },
    "bench_bytearray_find.py": {
      "cpython_time_s": 0.041868111332102366,
      "cython_ok": false,
      "cython_time_s": 0.0,
      "molt_cpython_ratio": 0.2031279423817538,
      "molt_ok": true,
      "molt_size_kb": 2387.6796875,
      "molt_speedup": 4.923005610526118,
      "molt_time_s": 0.008504583306300143,
      "numba_ok": false,
      "numba_time_s": 0.0,
      "pypy_time_s": 0.054439277679193765
    },
    "bench_bytearray_replace.py": {
      "cpython_time_s": 0.08052190298136945,
      "cython_ok": false,
      "cython_time_s": 0.0,
      "molt_cpython_ratio": 0.6598779094154535,
      "molt_ok": true,
      "molt_size_kb": 2387.8359375,
      "molt_speedup": 1.5154318484245675,
      "molt_time_s": 0.05313462500150005,
      "numba_ok": false,
      "numba_time_s": 0.0,
      "pypy_time_s": 0.1092507639938655
    },
    "bench_bytes_find.py": {
      "cpython_time_s": 0.047288958313098796,
      "cython_ok": false,
      "cython_time_s": 0.0,
      "molt_cpython_ratio": 0.2099474100313567,
      "molt_ok": true,
      "molt_size_kb": 2387.4921875,
      "molt_speedup": 4.763097576915309,
      "molt_time_s": 0.009928194320915887,
      "numba_ok": false,
      "numba_time_s": 0.0,
      "pypy_time_s": 0.05964236103075867
    },
    "bench_bytes_find_only.py": {
      "cpython_time_s": 0.116062819356254,
      "cython_ok": false,
      "cython_time_s": 0.0,
      "molt_cpython_ratio": 0.36624622390504413,
      "molt_ok": true,
      "molt_size_kb": 2387.7578125,
      "molt_speedup": 2.7304035775103794,
      "molt_time_s": 0.04250756932500129,
      "numba_ok": false,
      "numba_time_s": 0.0,
      "pypy_time_s": 0.7172106250072829
    },
    "bench_bytes_replace.py": {
      "cpython_time_s": 0.04939834732795134,
      "cython_ok": false,
      "cython_time_s": 0.0,
      "molt_cpython_ratio": 0.36276544948745665,
      "molt_ok": true,
      "molt_size_kb": 2387.7421875,
      "molt_speedup": 2.756602100373335,
      "molt_time_s": 0.017920013672361772,
      "numba_ok": false,
      "numba_time_s": 0.0,
      "pypy_time_s": 0.06691052799578756
    },
    "bench_channel_throughput.py": {
      "cpython_time_s": 0.517516416652749,
      "cython_ok": false,
      "cython_time_s": 0.0,
      "molt_cpython_ratio": 0.05570819024264604,
      "molt_ok": true,
      "molt_size_kb": 2963.7421875,
      "molt_speedup": 17.950681859244362,
      "molt_time_s": 0.02882990299258381,
      "numba_ok": false,
      "numba_time_s": 0.0,
      "pypy_time_s": 0.19824691636798283
    },
    "bench_deeply_nested_loop.py": {
      "cpython_time_s": 9.97658481966937,
      "cython_ok": false,
      "cython_time_s": 0.0,
      "molt_cpython_ratio": 0.5751986950828577,
      "molt_ok": true,
      "molt_size_kb": 2387.6015625,
      "molt_speedup": 1.7385296742649066,
      "molt_time_s": 5.738518569657269,
      "numba_ok": false,
      "numba_time_s": 0.0,
      "pypy_time_s": 0.2717635973240249
    },
    "bench_descriptor_property.py": {
      "cpython_time_s": 0.12627919433483234,
      "cython_ok": false,
      "cython_time_s": 0.0,
      "molt_cpython_ratio": 3.927754332648829,
      "molt_ok": true,
      "molt_size_kb": 2390.2734375,
      "molt_speedup": 0.2545984079726321,
      "molt_time_s": 0.4959936526720412,
      "numba_ok": false,
      "numba_time_s": 0.0,
      "pypy_time_s": 0.05509981965102876
    },
    "bench_dict_ops.py": {
      "cpython_time_s": 0.04800295800669119,
      "cython_ok": false,
      "cython_time_s": 0.0,
      "molt_cpython_ratio": 0.246066725400317,
      "molt_ok": true,
      "molt_size_kb": 2387.3828125,
      "molt_speedup": 4.063938341818206,
      "molt_time_s": 0.011811930686235428,
      "numba_ok": false,
      "numba_time_s": 0.0,
      "pypy_time_s": 0.055498527304735035
    },
    "bench_dict_views.py": {
      "cpython_time_s": 0.04640823633720478,
      "cython_ok": false,
      "cython_time_s": 0.0,
      "molt_cpython_ratio": 0.30073145289709086,
      "molt_ok": true,
      "molt_size_kb": 2387.4140625,
      "molt_speedup": 3.3252258464038884,
      "molt_time_s": 0.013956416340079159,
      "numba_ok": false,
      "numba_time_s": 0.0,
      "pypy_time_s": 0.055868111337379865
    },
    "bench_fib.py": {
      "cpython_time_s": 0.15056344469000274,
      "cython_ok": false,
      "cython_time_s": 0.0,
      "molt_cpython_ratio": 3.860261095894295,
      "molt_ok": true,
      "molt_size_kb": 2387.8671875,
      "molt_speedup": 0.25904983501338347,
      "molt_time_s": 0.58121420800065,
      "numba_ok": false,
      "numba_time_s": 0.0,
      "pypy_time_s": 0.07413895833694066
    },
    "bench_generator_iter.py": {
      "cpython_time_s": 0.04351293064731484,
      "cython_ok": false,
      "cython_time_s": 0.0,
      "molt_cpython_ratio": 0.48207476910657937,
      "molt_ok": true,
      "molt_size_kb": 2388.4609375,
      "molt_speedup": 2.0743670154181317,
      "molt_time_s": 0.020976485994954903,
      "numba_ok": false,
      "numba_time_s": 0.0,
      "pypy_time_s": 0.05503913833914945
    },
    "bench_list_ops.py": {
      "cpython_time_s": 0.04611591666859264,
      "cython_ok": false,
      "cython_time_s": 0.0,
      "molt_cpython_ratio": 0.22435944211586428,
      "molt_ok": true,
      "molt_size_kb": 2387.3828125,
      "molt_speedup": 4.457133564646579,
      "molt_time_s": 0.010346541336427132,
      "numba_ok": false,
      "numba_time_s": 0.0,
      "pypy_time_s": 0.05467912535338352
    },
    "bench_list_slice.py": {
      "cpython_time_s": 0.0488297360134311,
      "cython_ok": false,
      "cython_time_s": 0.0,
      "molt_cpython_ratio": 0.5492796575072437,
      "molt_ok": true,
      "molt_size_kb": 2387.6015625,
      "molt_speedup": 1.8205662385864205,
      "molt_time_s": 0.02682118067362656,
      "numba_ok": false,
      "numba_time_s": 0.0,
      "pypy_time_s": 0.05677170832253372
    },
    "bench_matrix_math.py": {
      "cpython_time_s": 0.09636886099663873,
      "cython_ok": false,
      "cython_time_s": 0.0,
      "molt_cpython_ratio": 0.12619293421571343,
      "molt_ok": true,
      "molt_size_kb": 2388.4140625,
      "molt_speedup": 7.924373945458834,
      "molt_time_s": 0.012161069336192062,
      "numba_ok": false,
      "numba_time_s": 0.0,
      "pypy_time_s": 0.06173163867788389
    },
    "bench_max_list.py": {
      "cpython_time_s": 0.13461990266417465,
      "cython_ok": false,
      "cython_time_s": 0.0,
      "molt_cpython_ratio": 1.8949719887802734,
      "molt_ok": true,
      "molt_size_kb": 2387.4609375,
      "molt_speedup": 0.5277122859444823,
      "molt_time_s": 0.25510094468093786,
      "numba_ok": false,
      "numba_time_s": 0.0,
      "pypy_time_s": 0.05784002765237043
    },
    "bench_memoryview_tobytes.py": {
      "cpython_time_s": 0.04132013897954797,
      "cython_ok": false,
      "cython_time_s": 0.0,
      "molt_cpython_ratio": 0.37822926990492467,
      "molt_ok": true,
      "molt_size_kb": 2387.6484375,
      "molt_speedup": 2.643899030477915,
      "molt_time_s": 0.015628485998604447,
      "numba_ok": false,
      "numba_time_s": 0.0,