{
  "benchmarks": {
    "bench_async_await.py": {
      "cpython_time_s": 0.158033903009103,
      "cython_ok": false,
      "cython_time_s": 0.0,
      "molt_cpython_ratio": 0.07572540301419552,
      "molt_ok": true,
      "molt_size_kb": 2223.3515625,
      "molt_speedup": 13.20560816048136,
      "molt_time_s": 0.01196718099527061,
      "numba_ok": false,
      "numba_time_s": 0.0,
      "pypy_time_s": 0.22156661098900562
    },
    "bench_attr_access.py": {
      "cpython_time_s": 0.1957265279876689,
      "cython_ok": false,
      "cython_time_s": 0.0,
      "molt_cpython_ratio": 1.3730129384585523,
      "molt_ok": true,
      "molt_size_kb": 2176.7734375,
      "molt_speedup": 0.7283252560771024,
      "molt_time_s": 0.2687350553266394,
      "numba_ok": false,
      "numba_time_s": 0.0,
      "pypy_time_s": 0.08178880533281092
    },
    "bench_bytearray_find.py": {
      "cpython_time_s": 0.06303820834727958,
      "cython_ok": false,
      "cython_time_s": 0.0,
      "molt_cpython_ratio": 0.18889536417248884,
      "molt_ok": true,
      "molt_size_kb": 2174.9765625,
      "molt_speedup": 5.293936166092753,
      "molt_time_s": 0.011907625322540602,
      "numba_ok": false,
      "numba_time_s": 0.0,
      "pypy_time_s": 0.08269774966174737
    },
    "bench_bytearray_replace.py": {
      "cpython_time_s": 0.12290743032159905,
      "cython_ok": false,
      "cython_time_s": 0.0,
      "molt_cpython_ratio": 0.7079670999639787,
      "molt_ok": true,
      "molt_size_kb": 2175.1484375,
      "molt_speedup": 1.4124950157300813,
      "molt_time_s": 0.08701441700880726,
      "numba_ok": false,
      "numba_time_s": 0.0,
      "pypy_time_s": 0.16890002798754722
    },
    "bench_bytes_find.py": {
      "cpython_time_s": 0.0686457496873724,
      "cython_ok": false,
      "cython_time_s": 0.0,
      "molt_cpython_ratio": 0.19457180850474404,
      "molt_ok": true,
      "molt_size_kb": 2174.8046875,
      "molt_speedup": 5.139490698497661,
      "molt_time_s": 0.013356527662836015,
      "numba_ok": false,
      "numba_time_s": 0.0,
      "pypy_time_s": 0.08758061101737742
    },
    "bench_bytes_find_only.py": {
      "cpython_time_s": 0.17534636067769802,
      "cython_ok": false,
      "cython_time_s": 0.0,
      "molt_cpython_ratio": 0.33563261936342575,
      "molt_ok": true,
      "molt_size_kb": 2175.0703125,
      "molt_speedup": 2.9794481892035405,
      "molt_time_s": 0.058851958330099784,
      "numba_ok": false,
      "numba_time_s": 0.0,
      "pypy_time_s": 1.1156092083159213
    },
    "bench_bytes_replace.py": {
      "cpython_time_s": 0.07560983333193387,
      "cython_ok": false,
      "cython_time_s": 0.0,
      "molt_cpython_ratio": 0.371375491479398,
      "molt_ok": true,
      "molt_size_kb": 2175.0546875,
      "molt_speedup": 2.6926924984102643,
      "molt_time_s": 0.02807963901432231,
      "numba_ok": false,
      "numba_time_s": 0.0,
      "pypy_time_s": 0.10026456999670093
    },
    "bench_channel_throughput.py": {
      "cpython_time_s": 0.8139546806924045,
      "cython_ok": false,
      "cython_time_s": 0.0,
      "molt_cpython_ratio": 0.05783041052638647,
      "molt_ok": true,
      "molt_size_kb": 2754.8828125,
      "molt_speedup": 17.291940190252095,
      "molt_time_s": 0.04707133333431557,
      "numba_ok": false,
      "numba_time_s": 0.0,
      "pypy_time_s": 0.30764349998207763
    },
    "bench_deeply_nested_loop.py": {
      "cpython_time_s": 16.161572750327952,
      "cython_ok": false,
      "cython_time_s": 0.0,
      "molt_cpython_ratio": 0.5134983777181973,
      "molt_ok": true,
      "molt_size_kb": 2174.9140625,
      "molt_speedup": 1.9474258213699556,
      "molt_time_s": 8.298941388668027,
      "numba_ok": false,
      "numba_time_s": 0.0,
      "pypy_time_s": 0.4583903329912573
    },
    "bench_descriptor_property.py": {
      "cpython_time_s": 0.19212333365188292,
      "cython_ok": false,
      "cython_time_s": 0.0,
      "molt_cpython_ratio": 3.3123265659108134,
      "molt_ok": true,
      "molt_size_kb": 2177.6328125,
      "molt_speedup": 0.30190259930636487,
      "molt_time_s": 0.6363752219864788,
      "numba_ok": false,
      "numba_time_s": 0.0,
      "pypy_time_s": 0.08255468064453453
    },
    "bench_dict_ops.py": {
      "cpython_time_s": 0.07200316667634372,
      "cython_ok": false,
      "cython_time_s": 0.0,
      "molt_cpython_ratio": 0.2350953685311114,
      "molt_ok": true,
      "molt_size_kb": 2174.6953125,
      "molt_speedup": 4.253592940805487,
      "molt_time_s": 0.01692761100518207,
      "numba_ok": false,
      "numba_time_s": 0.0,
      "pypy_time_s": 0.08268751399979617
    },
    "bench_dict_views.py": {
      "cpython_time_s": 0.06886719433047499,
      "cython_ok": false,
      "cython_time_s": 0.0,
      "molt_cpython_ratio": 0.29462019176522475,
      "molt_ok": true,
      "molt_size_kb": 2174.7265625,
      "molt_speedup": 3.3942004925340425,
      "molt_time_s": 0.02028966599997754,
      "numba_ok": false,
      "numba_time_s": 0.0,
      "pypy_time_s": 0.08319980567709233
    },
    "bench_fib.py": {
      "cpython_time_s": 0.23883156932424754,
      "cython_ok": false,
      "cython_time_s": 0.0,
      "molt_cpython_ratio": 13.96281695688765,
      "molt_ok": true,
      "molt_size_kb": 2175.4140625,
      "molt_speedup": 0.07161878602918409,
      "molt_time_s": 3.334761486000692,
      "numba_ok": false,
      "numba_time_s": 0.0,
      "pypy_time_s": 0.1105146246845834
    },
    "bench_generator_iter.py": {
      "cpython_time_s": 0.06393952735622103,
      "cython_ok": false,
      "cython_time_s": 0.0,
      "molt_cpython_ratio": 0.462502761717055,
      "molt_ok": true,
      "molt_size_kb": 2175.7734375,
      "molt_speedup": 2.1621492513633234,
      "molt_time_s": 0.029572207985135417,
      "numba_ok": false,
      "numba_time_s": 0.0,
      "pypy_time_s": 0.08194919467981283
    },
    "bench_list_ops.py": {
      "cpython_time_s": 0.0685218750149943,
      "cython_ok": false,
      "cython_time_s": 0.0,
      "molt_cpython_ratio": 0.21775973991471892,
      "molt_ok": true,
      "molt_size_kb": 2174.6953125,
      "molt_speedup": 4.592217093901881,
      "molt_time_s": 0.014921305681734035,
      "numba_ok": false,
      "numba_time_s": 0.0,
      "pypy_time_s": 0.08104052734173213
    },
    "bench_list_slice.py": {
      "cpython_time_s": 0.07420093067533647,
      "cython_ok": false,
      "cython_time_s": 0.0,
      "molt_cpython_ratio": 0.536489416741704,
      "molt_ok": true,
      "molt_size_kb": 2174.9140625,
      "molt_speedup": 1.8639696679822035,
      "molt_time_s": 0.039808014019702874,
      "numba_ok": false,
      "numba_time_s": 0.0,
      "pypy_time_s": 0.08457674999954179
    },
    "bench_matrix_math.py": {
      "cpython_time_s": 0.14825877733528614,
      "cython_ok": false,
      "cython_time_s": 0.0,
      "molt_cpython_ratio": 0.12021519842068769,
      "molt_ok": true,
      "molt_size_kb": 2175.7109375,
      "molt_speedup": 8.318415750565455,
      "molt_time_s": 0.01782295833496998,
      "numba_ok": false,
      "numba_time_s": 0.0,
      "pypy_time_s": 0.1171975276665762
    },
    "bench_max_list.py": {
      "cpython_time_s": 0.21082279165663445,
      "cython_ok": false,
      "cython_time_s": 0.0,
      "molt_cpython_ratio": 1.8105560756541015,
      "molt_ok": true,
      "molt_size_kb": 2174.7734375,
      "molt_speedup": 0.552316502894686,
      "molt_time_s": 0.3817064863202783,
      "numba_ok": false,
      "numba_time_s": 0.0,
      "pypy_time_s": 0.08521024999208748
    },
    "bench_memoryview_tobytes.py": {
      "cpython_time_s": 0.061039944315173976,
      "cython_ok": false,
      "cython_time_s": 0.0,
      "molt_cpython_ratio": 0.39056210805123187,
      "molt_ok": true,
      "molt_size_kb": 2174.9609375,
      "molt_speedup": 2.560412235046686,
      "molt_time_s": 0.023839889327064157,
      "numba_ok": false,
      "numba_time_s": 0.0,