{
  "benchmarks": {
    "bench_async_await": {
      "molt_wasm_build_s": 0.667506208003033,
      "molt_wasm_linked": true,
      "molt_wasm_ok": true,
      "molt_wasm_size_kb": 2930.814453125,
      "molt_wasm_time_s": 0.8531605970007755
    },
    "bench_attr_access": {
      "molt_wasm_build_s": 0.43063074999372475,
      "molt_wasm_linked": true,
      "molt_wasm_ok": true,
      "molt_wasm_size_kb": 1896.03125,
      "molt_wasm_time_s": 0.6194628469966119
    },
    "bench_bytearray_find": {
      "molt_wasm_build_s": 0.2566206250048708,
      "molt_wasm_linked": true,
      "molt_wasm_ok": true,
      "molt_wasm_size_kb": 1892.5009765625,
      "molt_wasm_time_s": 0.08969502766558435
    },
    "bench_bytearray_replace": {
      "molt_wasm_build_s": 0.25964620799641125,
      "molt_wasm_linked": true,
      "molt_wasm_ok": true,
      "molt_wasm_size_kb": 1892.84765625,
      "molt_wasm_time_s": 0.09092788866837509
    },
    "bench_bytes_find": {
      "molt_wasm_build_s": 0.25535229199158493,
      "molt_wasm_linked": true,
      "molt_wasm_ok": true,
      "molt_wasm_size_kb": 1891.8876953125,
      "molt_wasm_time_s": 0.08237387533396638
    },
    "bench_bytes_find_only": {
      "molt_wasm_build_s": 0.2568850000097882,
      "molt_wasm_linked": true,
      "molt_wasm_ok": true,
      "molt_wasm_size_kb": 1892.5009765625,
      "molt_wasm_time_s": 0.3139683333332262
    },
    "bench_bytes_replace": {
      "molt_wasm_build_s": 0.25769829099590424,
      "molt_wasm_linked": true,
      "molt_wasm_ok": true,
      "molt_wasm_size_kb": 1892.6279296875,
      "molt_wasm_time_s": 0.08786249999441982
    },
    "bench_channel_throughput": {
      "molt_wasm_build_s": 0.7024067919992376,
      "molt_wasm_linked": true,
      "molt_wasm_ok": true,
      "molt_wasm_size_kb": 3012.337890625,
      "molt_wasm_time_s": 0.8640982086653821
    },
    "bench_csv_parse": {
      "molt_wasm_build_s": 0.26518345800286625,
      "molt_wasm_linked": true,
      "molt_wasm_ok": true,
      "molt_wasm_size_kb": 1896.3427734375,
      "molt_wasm_time_s": 0.2760489309973006
    },
    "bench_csv_parse_wide": {
      "molt_wasm_build_s": 0.2688488749990938,
      "molt_wasm_linked": true,
      "molt_wasm_ok": true,
      "molt_wasm_size_kb": 1903.3955078125,
      "molt_wasm_time_s": 0.9025105833328174
    },
    "bench_deeply_nested_loop": {
      "molt_wasm_build_s": 0.25849729200126603,
      "molt_wasm_linked": true,
      "molt_wasm_ok": true,
      "molt_wasm_size_kb": 1895.1015625,
      "molt_wasm_time_s": 4.254881361004664
    },
    "bench_descriptor_property": {
      "molt_wasm_build_s": 0.2591903330030618,
      "molt_wasm_linked": true,
      "molt_wasm_ok": true,
      "molt_wasm_size_kb": 1897.255859375,
      "molt_wasm_time_s": 1.0895731386650975
    },
    "bench_dict_ops": {
      "molt_wasm_build_s": 0.2673064160044305,
      "molt_wasm_linked": true,
      "molt_wasm_ok": true,
      "molt_wasm_size_kb": 1892.515625,
      "molt_wasm_time_s": 0.10340215267206077
    },
    "bench_dict_views": {
      "molt_wasm_build_s": 0.262216958013596,
      "molt_wasm_linked": true,
      "molt_wasm_ok": true,
      "molt_wasm_size_kb": 1893.447265625,
      "molt_wasm_time_s": 0.11221634732889167
    },
    "bench_fib": {
      "molt_wasm_build_s": 0.3187467919924529,
      "molt_wasm_linked": true,
      "molt_wasm_ok": true,
      "molt_wasm_size_kb": 1893.5234375,
      "molt_wasm_time_s": 0.3945150833314983
    },
    "bench_generator_iter": {
      "molt_wasm_build_s": 0.2660579170042183,
      "molt_wasm_linked": true,
      "molt_wasm_ok": true,
      "molt_wasm_size_kb": 1895.3837890625,
      "molt_wasm_time_s": 0.14952816666239718
    },
    "bench_list_ops": {
      "molt_wasm_build_s": 0.2615896250063088,
      "molt_wasm_linked": true,
      "molt_wasm_ok": true,
      "molt_wasm_size_kb": 1892.478515625,
      "molt_wasm_time_s": 0.1021587776679856
    },
    "bench_list_slice": {
      "molt_wasm_build_s": 0.26673183299135417,
      "molt_wasm_linked": true,
      "molt_wasm_ok": true,
      "molt_wasm_size_kb": 1892.587890625,
      "molt_wasm_time_s": 0.10512368066702038
    },
    "bench_matrix_math": {
      "molt_wasm_build_s": 0.2606995830137748,
      "molt_wasm_linked": true,
      "molt_wasm_ok": true,
      "molt_wasm_size_kb": 1895.7607421875,
      "molt_wasm_time_s": 0.10605129166894282
    },
    "bench_max_list": {
      "molt_wasm_build_s": 0.260303290997399,
      "molt_wasm_linked": true,
      "molt_wasm_ok": true,
      "molt_wasm_size_kb": 1892.5087890625,
      "molt_wasm_time_s": 0.13408370867061117
    },
    "bench_memoryview_tobytes": {
      "molt_wasm_build_s": 0.26033104200905655,
      "molt_wasm_linked": true,
      "molt_wasm_ok": true,
      "molt_wasm_size_kb": 1893.3232421875,
      "molt_wasm_time_s": 0.08759102799619238
    },
    "bench_min_list": {
      "molt_wasm_build_s": 0.26522866600134876,
      "molt_wasm_linked": true,
      "molt_wasm_ok": true,
      "molt_wasm_size_kb": 1892.673828125,
      "molt_wasm_time_s": 0.1345150419995965
    },
    "bench_parse_msgpack": {
      "molt_wasm_build_s": 0.256644207998761,
      "molt_wasm_linked": true,
      "molt_wasm_ok": true,
      "molt_wasm_size_kb": 1893.5546875,
      "molt_wasm_time_s": 0.1174996666716955
    },
    "bench_prod_list": {
      "molt_wasm_build_s": 0.25578170899825636,
      "molt_wasm_linked": true,
      "molt_wasm_ok": true,
      "molt_wasm_size_kb": 1892.40625,
      "molt_wasm_time_s": 0.09420044433015089
    },
    "bench_ptr_registry": {
      "molt_wasm_build_s": 0.3392488750105258,
      "molt_wasm_linked": true,
      "molt_wasm_ok": true,
      "molt_wasm_size_kb": 2080.763671875,
      "molt_wasm_time_s": 0.21598006966814864
    },
    "bench_range_iter": {
      "molt_wasm_build_s": 0.2536636250006268,
      "molt_wasm_linked": true,
      "molt_wasm_ok": true,
      "molt_wasm_size_kb": 1892.1171875,
      "molt_wasm_time_s": 0.16484834766500475
    },
    "bench_str_count": {
      "molt_wasm_build_s": 0.25690337500418536,
      "molt_wasm_linked": true,
      "molt_wasm_ok": true,
      "molt_wasm_size_kb": 1891.8212890625,
      "molt_wasm_time_s": 0.0843742363358615
    },
    "bench_str_count_unicode": {
      "molt_wasm_build_s": 0.25650741600838955,
      "molt_wasm_linked": true,
      "molt_wasm_ok": true,
      "molt_wasm_size_kb": 1891.83203125,
      "molt_wasm_time_s": 0.09112058299554822
    },
    "bench_str_count_unicode_warm": {
      "molt_wasm_build_s": 0.261181249996298,
      "molt_wasm_linked": true,
      "molt_wasm_ok": true,
      "molt_wasm_size_kb": 1892.4453125,
      "molt_wasm_time_s": 0.0928336806682637
    },
    "bench_str_endswith": {
      "molt_wasm_build_s": 0.26063095800054725,
      "molt_wasm_linked": true,
      "molt_wasm_ok": true,
      "molt_wasm_size_kb": 1891.8896484375,
      "molt_wasm_time_s": 0.0839202916637684
    },
    "bench_str_find": {
      "molt_wasm_build_s": 0.25489929199102335,
      "molt_wasm_linked": true,
      "molt_wasm_ok": true,
      "molt_wasm_size_kb": 1891.8857421875,
      "molt_wasm_time_s": 0.09838354166519518
    },
    "bench_str_find_unicode": {
      "molt_wasm_build_s": 0.2561608329997398,
      "molt_wasm_linked": true,
      "molt_wasm_ok": true,
      "molt_wasm_size_kb": 1891.90234375,
      "molt_wasm_time_s": 0.10471337499620859
    },
    "bench_str_find_unicode_warm": {
      "molt_wasm_build_s": 0.2570335839991458,
      "molt_wasm_linked": true,
      "molt_wasm_ok": true,
      "molt_wasm_size_kb": 1892.4443359375,
      "molt_wasm_time_s": 0.09762416699959431
    },
    "bench_str_join": {
      "molt_wasm_build_s": 0.2534970419947058,
      "molt_wasm_linked": true,
      "molt_wasm_ok": true,
      "molt_wasm_size_kb": 1891.8544921875,
      "molt_wasm_time_s": 0.181531055670348
    },
    "bench_str_replace": {
      "molt_wasm_build_s": 0.254131084002438,
      "molt_wasm_linked": true,