{
  "benchmarks": {
    "bench_async_await.py": {
      "cpython_time_s": 0.157647305362237,
      "cython_ok": false,
      "cython_time_s": 0.0,
      "molt_cpython_ratio": 0.0745451835998789,
      "molt_ok": true,
      "molt_size_kb": 2222.6171875,
      "molt_speedup": 13.414682903827801,
      "molt_time_s": 0.01175184732225413,
      "numba_ok": false,
      "numba_time_s": 0.0,
      "pypy_time_s": 0.2222246666594098
    },
    "bench_attr_access.py": {
      "cpython_time_s": 0.19304677731512734,
      "cython_ok": false,
      "cython_time_s": 0.0,
      "molt_cpython_ratio": 3.372572271834744,
      "molt_ok": true,
      "molt_size_kb": 2176.5390625,
      "molt_speedup": 0.29650958360515156,
      "molt_time_s": 0.651064208340055,
      "numba_ok": false,
      "numba_time_s": 0.0,
      "pypy_time_s": 0.10919987499558677
    },
    "bench_bytearray_find.py": {
      "cpython_time_s": 0.062073083652649075,
      "cython_ok": false,
      "cython_time_s": 0.0,
      "molt_cpython_ratio": 0.1893813760781557,
      "molt_ok": true,
      "molt_size_kb": 2174.5546875,
      "molt_speedup": 5.280350268377554,
      "molt_time_s": 0.011755485999553153,
      "numba_ok": false,
      "numba_time_s": 0.0,
      "pypy_time_s": 0.08074011133673291
    },
    "bench_bytearray_replace.py": {
      "cpython_time_s": 0.12204765299490343,
      "cython_ok": false,
      "cython_time_s": 0.0,
      "molt_cpython_ratio": 0.6917931966759772,
      "molt_ok": true,
      "molt_size_kb": 2174.7265625,
      "molt_speedup": 1.445518696634973,
      "molt_time_s": 0.08443173601214464,
      "numba_ok": false,
      "numba_time_s": 0.0,
      "pypy_time_s": 0.16874638898298144
    },
    "bench_bytes_find.py": {
      "cpython_time_s": 0.0683598749844047,
      "cython_ok": false,
      "cython_time_s": 0.0,
      "molt_cpython_ratio": 0.20236976746532526,
      "molt_ok": true,
      "molt_size_kb": 2174.3828125,
      "molt_speedup": 4.941449567912082,
      "molt_time_s": 0.013833972004552683,
      "numba_ok": false,
      "numba_time_s": 0.0,
      "pypy_time_s": 0.08801520802080631
    },
    "bench_bytes_find_only.py": {
      "cpython_time_s": 0.17550705532388142,
      "cython_ok": false,
      "cython_time_s": 0.0,
      "molt_cpython_ratio": 0.32627368486803493,
      "molt_ok": true,
      "molt_size_kb": 2174.6484375,
      "molt_speedup": 3.06491159532054,
      "molt_time_s": 0.05726333366086086,
      "numba_ok": false,
      "numba_time_s": 0.0,
      "pypy_time_s": 1.1173024170178298
    },
    "bench_bytes_replace.py": {
      "cpython_time_s": 0.0750759170235445,
      "cython_ok": false,
      "cython_time_s": 0.0,
      "molt_cpython_ratio": 0.36982436038321664,
      "molt_ok": true,
      "molt_size_kb": 2174.6328125,
      "molt_speedup": 2.703986289501826,
      "molt_time_s": 0.02776490299341579,
      "numba_ok": false,
      "numba_time_s": 0.0,
      "pypy_time_s": 0.10056205534298594
    },
    "bench_channel_throughput.py": {
      "cpython_time_s": 0.0,
      "cython_ok": false,
      "cython_time_s": 0.0,
      "molt_cpython_ratio": null,
      "molt_ok": true,
      "molt_size_kb": 2222.7265625,
      "molt_speedup": 0.0,
      "molt_time_s": 0.04178950000399103,
      "numba_ok": false,
      "numba_time_s": 0.0,
      "pypy_time_s": 0.0
    },
    "bench_deeply_nested_loop.py": {
      "cpython_time_s": 16.411619805342827,
      "cython_ok": false,
      "cython_time_s": 0.0,
      "molt_cpython_ratio": 0.506646916491344,
      "molt_ok": true,
      "molt_size_kb": 2174.4921875,
      "molt_speedup": 1.9737611489382962,
      "molt_time_s": 8.314896569005214,
      "numba_ok": false,
      "numba_time_s": 0.0,
      "pypy_time_s": 0.4226126113208011
    },
    "bench_descriptor_property.py": {
      "cpython_time_s": 0.19170713931089267,
      "cython_ok": false,
      "cython_time_s": 0.0,
      "molt_cpython_ratio": 3.198411936241282,
      "molt_ok": true,
      "molt_size_kb": 2177.2109375,
      "molt_speedup": 0.3126551613533504,
      "molt_time_s": 0.6131584026346294,
      "numba_ok": false,
      "numba_time_s": 0.0,
      "pypy_time_s": 0.08222101333861549
    },
    "bench_dict_ops.py": {
      "cpython_time_s": 0.07110591667393844,
      "cython_ok": false,
      "cython_time_s": 0.0,
      "molt_cpython_ratio": 0.2467736882138208,
      "molt_ok": true,
      "molt_size_kb": 2174.2734375,
      "molt_speedup": 4.052295879832759,
      "molt_time_s": 0.017547069311452407,
      "numba_ok": false,
      "numba_time_s": 0.0,
      "pypy_time_s": 0.08235081935223813
    },
    "bench_dict_views.py": {
      "cpython_time_s": 0.06868604167054097,
      "cython_ok": false,
      "cython_time_s": 0.0,
      "molt_cpython_ratio": 0.3085308669305872,
      "molt_ok": true,
      "molt_size_kb": 2174.3046875,
      "molt_speedup": 3.24116679134402,
      "molt_time_s": 0.021191763982642442,
      "numba_ok": false,
      "numba_time_s": 0.0,
      "pypy_time_s": 0.0830505836638622
    },
    "bench_fib.py": {
      "cpython_time_s": 0.21906661131652072,
      "cython_ok": false,
      "cython_time_s": 0.0,
      "molt_cpython_ratio": 4.094060745320369,
      "molt_ok": true,
      "molt_size_kb": 2174.7578125,
      "molt_speedup": 0.24425626833774494,
      "molt_time_s": 0.8968720140013223,
      "numba_ok": false,
      "numba_time_s": 0.0,
      "pypy_time_s": 0.11094998599340518
    },
    "bench_generator_iter.py": {
      "cpython_time_s": 0.06311447266489267,
      "cython_ok": false,
      "cython_time_s": 0.0,
      "molt_cpython_ratio": 0.4374562312975528,
      "molt_ok": true,
      "molt_size_kb": 2175.3515625,
      "molt_speedup": 2.28594297773258,
      "molt_time_s": 0.02760981935231636,
      "numba_ok": false,
      "numba_time_s": 0.0,
      "pypy_time_s": 0.08198866665285702
    },
    "bench_list_ops.py": {
      "cpython_time_s": 0.06865109732219328,
      "cython_ok": false,
      "cython_time_s": 0.0,
      "molt_cpython_ratio": 0.20960152485117325,
      "molt_ok": true,
      "molt_size_kb": 2174.2734375,
      "molt_speedup": 4.770957657440928,
      "molt_time_s": 0.014389374681438008,
      "numba_ok": false,
      "numba_time_s": 0.0,
      "pypy_time_s": 0.08183562499471009
    },
    "bench_list_slice.py": {
      "cpython_time_s": 0.07302662499326591,
      "cython_ok": false,
      "cython_time_s": 0.0,
      "molt_cpython_ratio": 0.5393208021288175,
      "molt_ok": true,
      "molt_size_kb": 2174.4921875,
      "molt_speedup": 1.8541839959682265,
      "molt_time_s": 0.039384777968128525,
      "numba_ok": false,
      "numba_time_s": 0.0,
      "pypy_time_s": 0.08491144399158657
    },
    "bench_matrix_math.py": {
      "cpython_time_s": 0.1462364723556675,
      "cython_ok": false,
      "cython_time_s": 0.0,
      "molt_cpython_ratio": 0.1206957793815243,
      "molt_ok": true,
      "molt_size_kb": 2175.3046875,
      "molt_speedup": 8.285293861345052,
      "molt_time_s": 0.017650125004972022,
      "numba_ok": false,
      "numba_time_s": 0.0,
      "pypy_time_s": 0.09215388934050377
    },
    "bench_max_list.py": {
      "cpython_time_s": 0.2034342916837583,
      "cython_ok": false,
      "cython_time_s": 0.0,
      "molt_cpython_ratio": 1.9006719277982689,
      "molt_ok": true,
      "molt_size_kb": 2174.3515625,
      "molt_speedup": 0.5261297256904279,
      "molt_time_s": 0.3866618473548442,
      "numba_ok": false,
      "numba_time_s": 0.0,
      "pypy_time_s": 0.08538136101560667
    },
    "bench_memoryview_tobytes.py": {
      "cpython_time_s": 0.06042094433602566,
      "cython_ok": false,
      "cython_time_s": 0.0,
      "molt_cpython_ratio": 0.38386224483916914,
      "molt_ok": true,
      "molt_size_kb": 2174.5390625,
      "molt_speedup": 2.6051012138976595,
      "molt_time_s": 0.02319331932812929,
      "numba_ok": false,
      "numba_time_s": 0.0,
      "pypy_time_s": 0.07969029133285706
    },