{
  "benchmarks": {
    "bench_async_await.py": {
      "cpython_time_s": 0.1574370280141011,
      "cython_ok": false,
      "cython_time_s": 0.0,
      "molt_cpython_ratio": 0.07910296877173566,
      "molt_ok": true,
      "molt_size_kb": 2419.3828125,
      "molt_speedup": 12.641750562936025,
      "molt_time_s": 0.01245373631051431,
      "numba_ok": false,
      "numba_time_s": 0.0,
      "pypy_time_s": 0.22385511099128053
    },
    "bench_attr_access.py": {
      "cpython_time_s": 0.1970667223407266,
      "cython_ok": false,
      "cython_time_s": 0.0,
      "molt_cpython_ratio": 1.6832666082737988,
      "molt_ok": true,
      "molt_size_kb": 2389.2265625,
      "molt_speedup": 0.5940829545864436,
      "molt_time_s": 0.33171583331810933,
      "numba_ok": false,
      "numba_time_s": 0.0,
      "pypy_time_s": 0.08250093066211169
    },
    "bench_bytearray_find.py": {
      "cpython_time_s": 0.06285123598839466,
      "cython_ok": false,
      "cython_time_s": 0.0,
      "molt_cpython_ratio": 0.19093543350206865,
      "molt_ok": true,
      "molt_size_kb": 2387.4453125,
      "molt_speedup": 5.237372559185908,
      "molt_time_s": 0.012000527989584953,
      "numba_ok": false,
      "numba_time_s": 0.0,
      "pypy_time_s": 0.08168168067156027
    },
    "bench_bytearray_replace.py": {
      "cpython_time_s": 0.12230461100504424,
      "cython_ok": false,
      "cython_time_s": 0.0,
      "molt_cpython_ratio": 0.6769708188851701,
      "molt_ok": true,
      "molt_size_kb": 2387.6171875,
      "molt_speedup": 1.477168545679401,
      "molt_time_s": 0.08279665266551699,
      "numba_ok": false,
      "numba_time_s": 0.0,
      "pypy_time_s": 0.16851512466867766
    },
    "bench_bytes_find.py": {
      "cpython_time_s": 0.06984995868212233,
      "cython_ok": false,
      "cython_time_s": 0.0,
      "molt_cpython_ratio": 0.20014049996004238,
      "molt_ok": true,
      "molt_size_kb": 2387.2734375,
      "molt_speedup": 4.996489966796565,
      "molt_time_s": 0.013979805652828267,
      "numba_ok": false,
      "numba_time_s": 0.0,
      "pypy_time_s": 0.08780559767425682
    },
    "bench_bytes_find_only.py": {
      "cpython_time_s": 0.17864705534884706,
      "cython_ok": false,
      "cython_time_s": 0.0,
      "molt_cpython_ratio": 0.3253288551940185,
      "molt_ok": true,
      "molt_size_kb": 2387.5234375,
      "molt_speedup": 3.073812802137159,
      "molt_time_s": 0.05811904200042287,
      "numba_ok": false,
      "numba_time_s": 0.0,
      "pypy_time_s": 1.1173193333282445
    },
    "bench_bytes_replace.py": {
      "cpython_time_s": 0.07422113899762432,
      "cython_ok": false,
      "cython_time_s": 0.0,
      "molt_cpython_ratio": 0.38411694724531537,
      "molt_ok": true,
      "molt_size_kb": 2387.5078125,
      "molt_speedup": 2.6033738088659555,
      "molt_time_s": 0.028509597332837682,
      "numba_ok": false,
      "numba_time_s": 0.0,
      "pypy_time_s": 0.1007569443512087
    },
    "bench_channel_throughput.py": {
      "cpython_time_s": 0.7952119863475673,
      "cython_ok": false,
      "cython_time_s": 0.0,
      "molt_cpython_ratio": 0.05700529261260872,
      "molt_ok": true,
      "molt_size_kb": 2963.5234375,
      "molt_speedup": 17.54223080294855,
      "molt_time_s": 0.04533129197079688,
      "numba_ok": false,
      "numba_time_s": 0.0,
      "pypy_time_s": 0.3021203750007165
    },
    "bench_deeply_nested_loop.py": {
      "cpython_time_s": 16.065859402976155,
      "cython_ok": false,
      "cython_time_s": 0.0,
      "molt_cpython_ratio": 0.5566805272596519,
      "molt_ok": true,
      "molt_size_kb": 2387.3671875,
      "molt_speedup": 1.7963624575169863,
      "molt_time_s": 8.943551083328202,
      "numba_ok": false,
      "numba_time_s": 0.0,
      "pypy_time_s": 0.4230065139903066
    },
    "bench_descriptor_property.py": {
      "cpython_time_s": 0.1990922496576483,
      "cython_ok": false,
      "cython_time_s": 0.0,
      "molt_cpython_ratio": 3.9431386640368666,
      "molt_ok": true,
      "molt_size_kb": 2390.0546875,
      "molt_speedup": 0.2536050809271389,
      "molt_time_s": 0.7850483473351536,
      "numba_ok": false,
      "numba_time_s": 0.0,
      "pypy_time_s": 0.08231718034949154
    },
    "bench_dict_ops.py": {
      "cpython_time_s": 0.0716573889949359,
      "cython_ok": false,
      "cython_time_s": 0.0,
      "molt_cpython_ratio": 0.2572393103019007,
      "molt_ok": true,
      "molt_size_kb": 2387.1640625,
      "molt_speedup": 3.887430730654587,
      "molt_time_s": 0.018433097323092323,
      "numba_ok": false,
      "numba_time_s": 0.0,
      "pypy_time_s": 0.08287120868529503
    },
    "bench_dict_views.py": {
      "cpython_time_s": 0.07135052732580031,
      "cython_ok": false,
      "cython_time_s": 0.0,
      "molt_cpython_ratio": 0.3075715040879245,
      "molt_ok": true,
      "molt_size_kb": 2387.1796875,
      "molt_speedup": 3.2512764892359245,
      "molt_time_s": 0.02194538900706296,
      "numba_ok": false,
      "numba_time_s": 0.0,
      "pypy_time_s": 0.08408438864474495
    },
    "bench_fib.py": {
      "cpython_time_s": 0.21679305566552406,
      "cython_ok": false,
      "cython_time_s": 0.0,
      "molt_cpython_ratio": 4.285320419848921,
      "molt_ok": true,
      "molt_size_kb": 2387.6484375,
      "molt_speedup": 0.23335477911246946,
      "molt_time_s": 0.9290277083249142,
      "numba_ok": false,
      "numba_time_s": 0.0,
      "pypy_time_s": 0.10785790299996734
    },
    "bench_generator_iter.py": {
      "cpython_time_s": 0.06443363934522495,
      "cython_ok": false,
      "cython_time_s": 0.0,
      "molt_cpython_ratio": 0.5228357215803608,
      "molt_ok": true,
      "molt_size_kb": 2388.2421875,
      "molt_speedup": 1.9126466664850827,
      "molt_time_s": 0.033688208321109414,
      "numba_ok": false,
      "numba_time_s": 0.0,
      "pypy_time_s": 0.08077905532748748
    },
    "bench_list_ops.py": {
      "cpython_time_s": 0.07059884736857687,
      "cython_ok": false,
      "cython_time_s": 0.0,
      "molt_cpython_ratio": 0.2140253779601724,
      "molt_ok": true,
      "molt_size_kb": 2387.1640625,
      "molt_speedup": 4.67234310963856,
      "molt_time_s": 0.015109944991612187,
      "numba_ok": false,
      "numba_time_s": 0.0,
      "pypy_time_s": 0.08231687501150493
    },
    "bench_list_slice.py": {
      "cpython_time_s": 0.07358220830792561,
      "cython_ok": false,
      "cython_time_s": 0.0,
      "molt_cpython_ratio": 0.563873477314772,
      "molt_ok": true,
      "molt_size_kb": 2387.3671875,
      "molt_speedup": 1.7734474846416095,
      "molt_time_s": 0.04149105566708992,
      "numba_ok": false,
      "numba_time_s": 0.0,
      "pypy_time_s": 0.08448379133672763
    },
    "bench_matrix_math.py": {
      "cpython_time_s": 0.14533679165955013,
      "cython_ok": false,
      "cython_time_s": 0.0,
      "molt_cpython_ratio": 0.12858791939918793,
      "molt_ok": true,
      "molt_size_kb": 2388.1796875,
      "molt_speedup": 7.776780312430464,
      "molt_time_s": 0.0186885556516548,
      "numba_ok": false,
      "numba_time_s": 0.0,
      "pypy_time_s": 0.09186937533862267
    },
    "bench_max_list.py": {
      "cpython_time_s": 0.20780236064456403,
      "cython_ok": false,
      "cython_time_s": 0.0,
      "molt_cpython_ratio": 1.8271632999586795,
      "molt_ok": true,
      "molt_size_kb": 2387.2265625,
      "molt_speedup": 0.5472964567658591,
      "molt_time_s": 0.37968884701452527,
      "numba_ok": false,
      "numba_time_s": 0.0,
      "pypy_time_s": 0.0854342080031832
    },
    "bench_memoryview_tobytes.py": {
      "cpython_time_s": 0.06067472199598948,
      "cython_ok": false,
      "cython_time_s": 0.0,
      "molt_cpython_ratio": 0.4026434214556215,
      "molt_ok": true,
      "molt_size_kb": 2387.4140625,
      "molt_speedup": 2.4835870815542873,
      "molt_time_s": 0.02443027766033386,
      "numba_ok": false,
      "numba_time_s": 0.0,