{
  "benchmarks": {
    "bench_async_await.py": {
      "cpython_time_s": 0.15949363899805272,
      "cython_ok": false,
      "cython_time_s": 0.0,
      "molt_cpython_ratio": 0.07673137787766232,
      "molt_ok": true,
      "molt_size_kb": 2223.3515625,
      "molt_speedup": 13.03247807688744,
      "molt_time_s": 0.012238166683043042,
      "numba_ok": false,
      "numba_time_s": 0.0,
      "pypy_time_s": 0.2228554306590619
    },
    "bench_attr_access.py": {
      "cpython_time_s": 0.19755865266779438,
      "cython_ok": false,
      "cython_time_s": 0.0,
      "molt_cpython_ratio": 1.381701764520302,
      "molt_ok": true,
      "molt_size_kb": 2176.7734375,
      "molt_speedup": 0.7237451855952279,
      "molt_time_s": 0.272967138987345,
      "numba_ok": false,
      "numba_time_s": 0.0,
      "pypy_time_s": 0.08227493033822005
    },
    "bench_bytearray_find.py": {
      "cpython_time_s": 0.06342827765426289,
      "cython_ok": false,
      "cython_time_s": 0.0,
      "molt_cpython_ratio": 0.19537027920214256,
      "molt_ok": true,
      "molt_size_kb": 2174.9765625,
      "molt_speedup": 5.118485800828161,
      "molt_time_s": 0.01239200031462436,
      "numba_ok": false,
      "numba_time_s": 0.0,
      "pypy_time_s": 0.08246644402000432
    },
    "bench_bytearray_replace.py": {
      "cpython_time_s": 0.12327515298966318,
      "cython_ok": false,
      "cython_time_s": 0.0,
      "molt_cpython_ratio": 0.6666655041675118,
      "molt_ok": true,
      "molt_size_kb": 2175.1484375,
      "molt_speedup": 1.5000026156276596,
      "molt_time_s": 0.08218329201918095,
      "numba_ok": false,
      "numba_time_s": 0.0,
      "pypy_time_s": 0.16918429132783785
    },
    "bench_bytes_find.py": {
      "cpython_time_s": 0.06892069433039676,
      "cython_ok": false,
      "cython_time_s": 0.0,
      "molt_cpython_ratio": 0.212371307687112,
      "molt_ok": true,
      "molt_size_kb": 2174.8046875,
      "molt_speedup": 4.708734013510462,
      "molt_time_s": 0.014636777981650084,
      "numba_ok": false,
      "numba_time_s": 0.0,
      "pypy_time_s": 0.08811502798926085
    },
    "bench_bytes_find_only.py": {
      "cpython_time_s": 0.17697566664234424,
      "cython_ok": false,
      "cython_time_s": 0.0,
      "molt_cpython_ratio": 0.33709828859920093,
      "molt_ok": true,
      "molt_size_kb": 2175.0703125,
      "molt_speedup": 2.966493850074,
      "molt_time_s": 0.059658194348836936,
      "numba_ok": false,
      "numba_time_s": 0.0,
      "pypy_time_s": 1.1176156526780687
    },
    "bench_bytes_replace.py": {
      "cpython_time_s": 0.0748327086524417,
      "cython_ok": false,
      "cython_time_s": 0.0,
      "molt_cpython_ratio": 0.36596760293330854,
      "molt_ok": true,
      "molt_size_kb": 2175.0546875,
      "molt_speedup": 2.7324823071353483,
      "molt_time_s": 0.027386347006540745,
      "numba_ok": false,
      "numba_time_s": 0.0,
      "pypy_time_s": 0.10099269432248548
    },
    "bench_channel_throughput.py": {
      "cpython_time_s": 0.8222017083123015,
      "cython_ok": false,
      "cython_time_s": 0.0,
      "molt_cpython_ratio": 0.056087733554148034,
      "molt_ok": true,
      "molt_size_kb": 2754.8046875,
      "molt_speedup": 17.82921035728041,
      "molt_time_s": 0.04611543034358571,
      "numba_ok": false,
      "numba_time_s": 0.0,
      "pypy_time_s": 0.30047906962378573
    },
    "bench_deeply_nested_loop.py": {
      "cpython_time_s": 16.126177138998173,
      "cython_ok": false,
      "cython_time_s": 0.0,
      "molt_cpython_ratio": 0.5140915897111372,
      "molt_ok": true,
      "molt_size_kb": 2174.9140625,
      "molt_speedup": 1.9451786802462372,
      "molt_time_s": 8.29033204135097,
      "numba_ok": false,
      "numba_time_s": 0.0,
      "pypy_time_s": 0.45844565267907456
    },
    "bench_descriptor_property.py": {
      "cpython_time_s": 0.19149015265672156,
      "cython_ok": false,
      "cython_time_s": 0.0,
      "molt_cpython_ratio": 3.2665910265435585,
      "molt_ok": true,
      "molt_size_kb": 2177.6328125,
      "molt_speedup": 0.3061295374518061,
      "molt_time_s": 0.6255200143399028,
      "numba_ok": false,
      "numba_time_s": 0.0,
      "pypy_time_s": 0.08159793067413072
    },
    "bench_dict_ops.py": {
      "cpython_time_s": 0.07261793067057927,
      "cython_ok": false,
      "cython_time_s": 0.0,
      "molt_cpython_ratio": 0.23625783850235368,
      "molt_ok": true,
      "molt_size_kb": 2174.6953125,
      "molt_speedup": 4.23266379790416,
      "molt_time_s": 0.017156555336744834,
      "numba_ok": false,
      "numba_time_s": 0.0,
      "pypy_time_s": 0.08247251401189715
    },
    "bench_dict_views.py": {
      "cpython_time_s": 0.0691739166698729,
      "cython_ok": false,
      "cython_time_s": 0.0,
      "molt_cpython_ratio": 0.3104833207401893,
      "molt_ok": true,
      "molt_size_kb": 2174.7265625,
      "molt_speedup": 3.2207849285301684,
      "molt_time_s": 0.021477347356267273,
      "numba_ok": false,
      "numba_time_s": 0.0,
      "pypy_time_s": 0.08304018030563991
    },
    "bench_fib.py": {
      "cpython_time_s": 0.23134630567316586,
      "cython_ok": false,
      "cython_time_s": 0.0,
      "molt_cpython_ratio": 13.25685206460385,
      "molt_ok": true,
      "molt_size_kb": 2175.4140625,
      "molt_speedup": 0.07543268908235212,
      "molt_time_s": 3.066923750001782,
      "numba_ok": false,
      "numba_time_s": 0.0,
      "pypy_time_s": 0.10736475000157952
    },
    "bench_generator_iter.py": {
      "cpython_time_s": 0.06496177767015372,
      "cython_ok": false,
      "cython_time_s": 0.0,
      "molt_cpython_ratio": 0.44813189698841205,
      "molt_ok": true,
      "molt_size_kb": 2175.7734375,
      "molt_speedup": 2.231485878868065,
      "molt_time_s": 0.029111444659065455,
      "numba_ok": false,
      "numba_time_s": 0.0,
      "pypy_time_s": 0.08114395831944421
    },
    "bench_list_ops.py": {
      "cpython_time_s": 0.06954504165332764,
      "cython_ok": false,
      "cython_time_s": 0.0,
      "molt_cpython_ratio": 0.2230930294369799,
      "molt_ok": true,
      "molt_size_kb": 2174.6953125,
      "molt_speedup": 4.482434984740228,
      "molt_time_s": 0.015515014024761816,
      "numba_ok": false,
      "numba_time_s": 0.0,
      "pypy_time_s": 0.0809323886448207
    },
    "bench_list_slice.py": {
      "cpython_time_s": 0.07354736134099464,
      "cython_ok": false,
      "cython_time_s": 0.0,
      "molt_cpython_ratio": 0.5640228043030652,
      "molt_ok": true,
      "molt_size_kb": 2174.9140625,
      "molt_speedup": 1.7729779582860132,
      "molt_time_s": 0.04148238899263864,
      "numba_ok": false,
      "numba_time_s": 0.0,
      "pypy_time_s": 0.08448594463213037
    },
    "bench_matrix_math.py": {
      "cpython_time_s": 0.1543008333343702,
      "cython_ok": false,
      "cython_time_s": 0.0,
      "molt_cpython_ratio": 0.120015735549486,
      "molt_ok": true,
      "molt_size_kb": 2175.7109375,
      "molt_speedup": 8.33224073011385,
      "molt_time_s": 0.018518528008523088,
      "numba_ok": false,
      "numba_time_s": 0.0,
      "pypy_time_s": 0.12501509699116772
    },
    "bench_max_list.py": {
      "cpython_time_s": 0.20623838901519775,
      "cython_ok": false,
      "cython_time_s": 0.0,
      "molt_cpython_ratio": 1.8099643174316769,
      "molt_ok": true,
      "molt_size_kb": 2174.7734375,
      "molt_speedup": 0.5524970798424308,
      "molt_time_s": 0.37328412500210106,
      "numba_ok": false,
      "numba_time_s": 0.0,
      "pypy_time_s": 0.08512579166563228
    },
    "bench_memoryview_tobytes.py": {
      "cpython_time_s": 0.06311766632522146,
      "cython_ok": false,
      "cython_time_s": 0.0,
      "molt_cpython_ratio": 0.38004547295508756,
      "molt_ok": true,
      "molt_size_kb": 2174.9609375,
      "molt_speedup": 2.631264075386517,
      "molt_time_s": 0.023987583350390196,
      "numba_ok": false,
      "numba_time_s": 0.0,