{
  "benchmarks": {
    "bench_bytes_find.py": {
      "cpython_time_s": 0.02523254200059455,
      "cython_ok": true,
      "cython_time_s": 0.268227125001431,
      "molt_cpython_ratio": 0.3791185603781153,
      "molt_ok": true,
      "molt_size_kb": 1816.7578125,
      "molt_speedup": 2.6376972918515156,
      "molt_time_s": 0.009566124997945735,
      "numba_ok": false,
      "numba_time_s": 0.0,
      "pypy_time_s": 0.0
    },
    "bench_bytes_find_only.py": {
      "cpython_time_s": 0.20561773632653058,
      "cython_ok": true,
      "cython_time_s": 0.7093582223169506,
      "molt_cpython_ratio": 0.5298899774698751,
      "molt_ok": true,
      "molt_size_kb": 1797.3984375,
      "molt_speedup": 1.8871842127960448,
      "molt_time_s": 0.108954777669472,
      "numba_ok": false,
      "numba_time_s": 0.0,
      "pypy_time_s": 0.0
    },
    "bench_deeply_nested_loop.py": {
      "cpython_time_s": 16.456781764010277,
      "cython_ok": true,
      "cython_time_s": 6.400332819321193,
      "molt_cpython_ratio": 0.3723248223468633,
      "molt_ok": true,
      "molt_size_kb": 1797.2265625,
      "molt_speedup": 2.6858268371599063,
      "molt_time_s": 6.127268346686226,
      "numba_ok": true,
      "numba_time_s": 0.8035360829865871,
      "pypy_time_s": 0.0
    },
    "bench_fib.py": {
      "cpython_time_s": 0.3050893333080846,
      "cython_ok": true,
      "cython_time_s": 0.6392896526570743,
      "molt_cpython_ratio": 0.3258490048701131,
      "molt_ok": true,
      "molt_size_kb": 1797.2734375,
      "molt_speedup": 3.0689061039134087,
      "molt_time_s": 0.0994130556549256,
      "numba_ok": false,
      "numba_time_s": 0.0,
      "pypy_time_s": 0.0
    },
    "bench_matrix_math.py": {
      "cpython_time_s": 0.16428315265026563,
      "cython_ok": true,
      "cython_time_s": 0.6536268476823656,
      "molt_cpython_ratio": 0.11033482360679249,
      "molt_ok": true,
      "molt_size_kb": 1813.3984375,
      "molt_speedup": 9.063321690382777,
      "molt_time_s": 0.018126152669234823,
      "numba_ok": false,
      "numba_time_s": 0.0,
      "pypy_time_s": 0.0
    },
    "bench_parse_msgpack.py": {
      "cpython_time_s": 0.0,
      "cython_ok": false,
      "cython_time_s": 0.0,
      "molt_cpython_ratio": null,
      "molt_ok": true,
      "molt_size_kb": 1797.3359375,
      "molt_speedup": 0.0,
      "molt_time_s": 0.009707125020213425,
      "numba_ok": false,
      "numba_time_s": 0.0,
      "pypy_time_s": 0.0
    },
    "bench_str_count.py": {
      "cpython_time_s": 0.06235580567348128,
      "cython_ok": true,
      "cython_time_s": 0.589089694355304,
      "molt_cpython_ratio": 0.2865511099274329,
      "molt_ok": true,
      "molt_size_kb": 1797.3359375,
      "molt_speedup": 3.4897788399885914,
      "molt_time_s": 0.017868125326155376,
      "numba_ok": true,
      "numba_time_s": 1.1185599023398634,
      "pypy_time_s": 0.0
    },
    "bench_str_endswith.py": {
      "cpython_time_s": 0.046063805697485805,
      "cython_ok": true,
      "cython_time_s": 0.5551154303442066,
      "molt_cpython_ratio": 0.29456454509007285,
      "molt_ok": true,
      "molt_size_kb": 1797.3828125,
      "molt_speedup": 3.394841696559974,
      "molt_time_s": 0.013568763970397413,
      "numba_ok": true,
      "numba_time_s": 0.8490509446710348,
      "pypy_time_s": 0.0
    },
    "bench_str_find.py": {
      "cpython_time_s": 0.04578381933970377,
      "cython_ok": true,
      "cython_time_s": 0.5818310833613699,
      "molt_cpython_ratio": 0.38420233585893465,
      "molt_ok": true,
      "molt_size_kb": 1797.3828125,
      "molt_speedup": 2.6027952114459927,
      "molt_time_s": 0.017590250334857654,
      "numba_ok": true,
      "numba_time_s": 0.8808687220055921,
      "pypy_time_s": 0.0
    },
    "bench_str_join.py": {
      "cpython_time_s": 0.08860604199192797,
      "cython_ok": true,
      "cython_time_s": 0.5870900696609169,
      "molt_cpython_ratio": 0.8615779682889038,
      "molt_ok": true,
      "molt_size_kb": 1797.3359375,
      "molt_speedup": 1.1606610623830167,
      "molt_time_s": 0.07634101363752659,
      "numba_ok": true,
      "numba_time_s": 0.9301313193670163,
      "pypy_time_s": 0.0
    },
    "bench_str_replace.py": {
      "cpython_time_s": 0.04918859734122331,
      "cython_ok": true,
      "cython_time_s": 0.5735847363442493,
      "molt_cpython_ratio": 1.3741215374004394,
      "molt_ok": true,
      "molt_size_kb": 1797.3828125,
      "molt_speedup": 0.7277376656884355,
      "molt_time_s": 0.06759111100109294,
      "numba_ok": true,
      "numba_time_s": 1.0252943889936432,
      "pypy_time_s": 0.0
    },
    "bench_str_split.py": {
      "cpython_time_s": 0.0911623613210395,
      "cython_ok": true,
      "cython_time_s": 0.605370708333794,
      "molt_cpython_ratio": 1.5549664899739586,
      "molt_ok": true,
      "molt_size_kb": 1797.3359375,
      "molt_speedup": 0.6431006754471907,
      "molt_time_s": 0.14175441700111455,
      "numba_ok": true,
      "numba_time_s": 0.8945188746632388,
      "pypy_time_s": 0.0
    },
    "bench_str_startswith.py": {
      "cpython_time_s": 0.04308619433625912,
      "cython_ok": true,
      "cython_time_s": 0.5670567776736183,
      "molt_cpython_ratio": 0.34538261229314504,
      "molt_ok": true,
      "molt_size_kb": 1797.3828125,
      "molt_speedup": 2.8953397316690785,
      "molt_time_s": 0.014881222353627285,
      "numba_ok": true,
      "numba_time_s": 0.8543838750144156,
      "pypy_time_s": 0.0
    },
    "bench_struct.py": {
      "cpython_time_s": 0.453063527684814,
      "cython_ok": true,
      "cython_time_s": 0.8305121246570101,
      "molt_cpython_ratio": 0.4077382274104191,
      "molt_ok": true,
      "molt_size_kb": 1797.2265625,
      "molt_speedup": 2.4525539495060027,
      "molt_time_s": 0.1847313196825174,
      "numba_ok": false,
      "numba_time_s": 0.0,
      "pypy_time_s": 0.0
    },
    "bench_sum.py": {
      "cpython_time_s": 0.9113,
      "cython_ok": false,
      "cython_time_s": 0.0,
      "molt_cpython_ratio": 0.4462,
      "molt_ok": true,
      "molt_size_kb": 5168.1,
      "molt_speedup": 2.24,
      "molt_time_s": 0.4066,
      "numba_ok": false,
      "numba_time_s": 0.0,
      "pypy_time_s": 0.0
    },
    "bench_sum_list.py": {
      "cpython_time_s": 0.23160370798238242,
      "cython_ok": true,
      "cython_time_s": 0.645959791339313,
      "molt_cpython_ratio": 0.8411573734279114,
      "molt_ok": true,
      "molt_size_kb": 1797.2265625,
      "molt_speedup": 1.1888381789067224,
      "molt_time_s": 0.1948151666826258,
      "numba_ok": true,
      "numba_time_s": 0.81448098567004,
      "pypy_time_s": 0.0
    }
  },
  "created_at": "2026-01-04T02:35:41.118510+00:00",
  "git_rev": "22240b694ee88075f9e2f80de972be0c9f86bb4d",
  "schema_version": 1,
  "system": {
    "machine": "arm64",
    "platform": "macOS-26.2-arm64-arm-64bit",
    "python": "3.12.12"
  }
}
