{
  "benchmarks": {
    "bench_async_await.py": {
      "cpython_time_s": 0.24059166633378481,
      "molt_cpython_ratio": null,
      "molt_ok": false,
      "molt_size_kb": 0,
      "molt_speedup": 0,
      "molt_time_s": 0,
      "pypy_time_s": 0.31108465299985255
    },
    "bench_attr_access.py": {
      "cpython_time_s": 0.023200430667202454,
      "molt_cpython_ratio": 5.022449856098045,
      "molt_ok": true,
      "molt_size_kb": 31255.3203125,
      "molt_speedup": 0.19910601970188763,
      "molt_time_s": 0.11652299966590363,
      "pypy_time_s": 0.03758197266749145
    },
    "bench_bytearray_find.py": {
      "cpython_time_s": 0.011521000001569822,
      "molt_cpython_ratio": 1.127711251794658,
      "molt_ok": true,
      "molt_size_kb": 31234.1015625,
      "molt_speedup": 0.886751815598704,
      "molt_time_s": 0.012992361333696559,
      "pypy_time_s": 0.04005681966737029
    },
    "bench_bytearray_replace.py": {
      "cpython_time_s": 0.03289406966723618,
      "molt_cpython_ratio": 0.39384589579104,
      "molt_ok": true,
      "molt_size_kb": 31234.234375,
      "molt_speedup": 2.5390641636407016,
      "molt_time_s": 0.012955194334305512,
      "pypy_time_s": 0.07477495833518333
    },
    "bench_bytes_find.py": {
      "cpython_time_s": 0.17513944433206538,
      "molt_cpython_ratio": 15.383742409419304,
      "molt_ok": true,
      "molt_size_kb": 31233.8671875,
      "molt_speedup": 0.0650036885295031,
      "molt_time_s": 2.6943000973333255,
      "pypy_time_s": 0.0676742083329979
    },
    "bench_bytes_find_only.py": {
      "cpython_time_s": 0.2099336946666881,
      "molt_cpython_ratio": 13.374912473956865,
      "molt_ok": true,
      "molt_size_kb": 31234.1953125,
      "molt_speedup": 0.07476684441465789,
      "molt_time_s": 2.8078447915013385,
      "pypy_time_s": 0.5546697636661216
    },
    "bench_bytes_replace.py": {
      "cpython_time_s": 0.014649472000504224,
      "molt_cpython_ratio": 0.6310637225405474,
      "molt_ok": true,
      "molt_size_kb": 31234.0390625,
      "molt_speedup": 1.5846260278980742,
      "molt_time_s": 0.009244750333891716,
      "pypy_time_s": 0.04595481966559115
    },
    "bench_channel_throughput.py": {
      "cpython_time_s": null,
      "molt_cpython_ratio": null,
      "molt_ok": false,
      "molt_size_kb": 0,
      "molt_speedup": 0,
      "molt_time_s": 0,
      "pypy_time_s": null
    },
    "bench_class_hierarchy.py": {
      "cpython_time_s": 0.3968993749998238,
      "molt_cpython_ratio": 62.94997350065758,
      "molt_ok": true,
      "molt_size_kb": 31313.8359375,
      "molt_speedup": 0.015885630197915078,
      "molt_time_s": 24.984805138666463,
      "pypy_time_s": 0.04074388900092648
    },
    "bench_counter_words.py": {
      "cpython_time_s": 0.024205333333763217,
      "molt_cpython_ratio": 3.824426324715421,
      "molt_ok": true,
      "molt_size_kb": 48539.7734375,
      "molt_speedup": 0.2614771249579271,
      "molt_time_s": 0.09257151400015573,
      "pypy_time_s": 0.0557867499992426
    },
    "bench_csv_parse.py": {
      "cpython_time_s": 0.020996805667285418,
      "molt_cpython_ratio": 6.249270694396996,
      "molt_ok": true,
      "molt_size_kb": 31302.4140625,
      "molt_speedup": 0.16001867240229892,
      "molt_time_s": 0.13121472233251552,
      "pypy_time_s": 0.04973027766633701
    },
    "bench_csv_parse_wide.py": {
      "cpython_time_s": 0.032091778000904014,
      "molt_cpython_ratio": 9.611760354717866,
      "molt_ok": true,
      "molt_size_kb": 31385.0546875,
      "molt_speedup": 0.10403921478433,
      "molt_time_s": 0.3084584795014962,
      "pypy_time_s": 0.06126755566704863
    },
    "bench_deeply_nested_loop.py": {
      "cpython_time_s": 0.03637399999934132,
      "molt_cpython_ratio": 12.678609721455544,
      "molt_ok": true,
      "molt_size_kb": 31282.921875,
      "molt_speedup": 0.07887300121777051,
      "molt_time_s": 0.4611717499998728,
      "pypy_time_s": 0.04504131966556694
    },
    "bench_descriptor_property.py": {
      "cpython_time_s": 0.0262611390001742,
      "molt_cpython_ratio": 2.9651343632216163,
      "molt_ok": true,
      "molt_size_kb": 31292.671875,
      "molt_speedup": 0.3372528450661847,
      "molt_time_s": 0.07786780566675588,
      "pypy_time_s": 0.040679458000037506
    },
    "bench_dict_comprehension.py": {
      "cpython_time_s": 0.023216194333751144,
      "molt_cpython_ratio": null,
      "molt_ok": false,
      "molt_size_kb": 0,
      "molt_speedup": 0,
      "molt_time_s": 0,
      "pypy_time_s": 0.04731873600030667
    },
    "bench_dict_ops.py": {
      "cpython_time_s": 0.016365569332265295,
      "molt_cpython_ratio": 0.8073581227183011,
      "molt_ok": true,
      "molt_size_kb": 31233.40625,
      "molt_speedup": 1.2386077155365594,
      "molt_time_s": 0.013212875333313908,
      "pypy_time_s": 0.054727361000307916
    },
    "bench_dict_views.py": {
      "cpython_time_s": 0.011990721998396717,
      "molt_cpython_ratio": 1.4093396544957548,
      "molt_ok": true,
      "molt_size_kb": 31249.6640625,
      "molt_speedup": 0.7095521628232254,
      "molt_time_s": 0.016898999998375075,
      "pypy_time_s": 0.04042361133300195
    },
    "bench_etl_orders.py": {
      "cpython_time_s": 0.049582375332344476,
      "molt_cpython_ratio": 91.81246802220573,
      "molt_ok": true,
      "molt_size_kb": 44998.6484375,
      "molt_speedup": 0.01089176689769564,
      "molt_time_s": 4.55228024966588,
      "pypy_time_s": 0.062340235998514494
    },
    "bench_exception_heavy.py": {
      "cpython_time_s": 0.12649490266752159,
      "molt_cpython_ratio": 11.05865223947337,
      "molt_ok": true,
      "molt_size_kb": 31233.9609375,
      "molt_speedup": 0.09042693253618594,
      "molt_time_s": 1.3988631386661534,
      "pypy_time_s": 0.044686235666934714
    },
    "bench_fib.py": {
      "cpython_time_s": 0.05765609733377156,
      "molt_cpython_ratio": 15.077621856716643,
      "molt_ok": true,
      "molt_size_kb": 30705.34375,
      "molt_speedup": 0.06632345667659313,
      "molt_time_s": 0.8693168333326563,
      "pypy_time_s": 0.047958082998472186
    },
    "bench_gc_pressure.py": {
      "cpython_time_s": 0.4427012783344253,
      "molt_cpython_ratio": 1.2202847016047635,
      "molt_ok": true,
      "molt_size_kb": 31233.6171875,
      "molt_speedup": 0.8194808954704808,
      "molt_time_s": 0.5402215973323715,
      "pypy_time_s": 0.33174533300067804
    },
    "bench_generator_iter.py": {
      "cpython_time_s": 0.017730693999813713,
      "molt_cpython_ratio": null,
      "molt_ok": false,
      "molt_size_kb": 0,
      "molt_speedup": 0,
      "molt_time_s": 0,
      "pypy_time_s": 0.052475916999052664
    },
    "bench_json_roundtrip.py": {
      "cpython_time_s": 0.016955388667459676,
      "molt_cpython_ratio": 7.791325868331655,
      "molt_ok": true,
      "molt_size_kb": 43423.5859375,
      "molt_speedup": 0.12834785977372148,
      "molt_time_s": 0.13210495833239597,
      "pypy_time_s": 0.06613745833359037
    },
    "bench_list_ops.py": {
      "cpython_time_s": 0.011443152667197865,
      "molt_cpython_ratio": 1.1344630025502067,
      "molt_ok": true,
      "molt_size_kb": 31233.40625,
      "molt_speedup": 0.8814743167049595,
      "molt_time_s": 0.012981833333469694,
      "pypy_time_s": 0.03837023599893049
    },
    "bench_list_slice.py": {
      "cpython_time_s": 0.018701486333156936,
      "molt_cpython_ratio": 0.8774673684225242,
      "molt_ok": true,
      "molt_size_kb": 31233.6796875,
      "molt_speedup": 1.139643519505187,
      "molt_time_s": 0.016409943998345018,
      "pypy_time_s": 0.04250659766694298
    },
    "bench_matrix_math.py": {
      "cpython_time_s": 0.03240795799987003,
      "molt_cpython_ratio": null,
      "molt_ok": false,
      "molt_size_kb": 0,
      "molt_speedup": 0,
      "molt_time_s": 0,
      "pypy_time_s": 0.04009663900069427
    },
    "bench_max_list.py": {
      "cpython_time_s": 0.029629055334225995,