{
  "benchmarks": {
    "bench_bytes_find.py": {
      "cpython_time_s": 0.04828690267944088,
      "cython_ok": true,
      "cython_time_s": 0.5522092779865488,
      "molt_cpython_ratio": 0.17814986752292847,
      "molt_ok": true,
      "molt_size_kb": 1797.3203125,
      "molt_speedup": 5.613251437704812,
      "molt_time_s": 0.008602305315434933,
      "numba_ok": false,
      "numba_time_s": 0.0,
      "pypy_time_s": 0.0
    },
    "bench_deeply_nested_loop.py": {
      "cpython_time_s": 16.984308611000113,
      "cython_ok": true,
      "cython_time_s": 6.478598847344983,
      "molt_cpython_ratio": 0.5102134395026879,
      "molt_ok": true,
      "molt_size_kb": 1797.1640625,
      "molt_speedup": 1.9599640514658212,
      "molt_time_s": 8.665622513993489,
      "numba_ok": true,
      "numba_time_s": 0.8273685136615919,
      "pypy_time_s": 0.0
    },
    "bench_fib.py": {
      "cpython_time_s": 0.32166841664972406,
      "cython_ok": true,
      "cython_time_s": 0.6548124306718819,
      "molt_cpython_ratio": null,
      "molt_ok": false,
      "molt_size_kb": 0.0,
      "molt_speedup": 0.0,
      "molt_time_s": 0.0,
      "numba_ok": false,
      "numba_time_s": 0.0,
      "pypy_time_s": 0.0
    },
    "bench_matrix_math.py": {
      "cpython_time_s": 0.1572435693233274,
      "cython_ok": true,
      "cython_time_s": 0.6638640830060467,
      "molt_cpython_ratio": null,
      "molt_ok": false,
      "molt_size_kb": 0.0,
      "molt_speedup": 0.0,
      "molt_time_s": 0.0,
      "numba_ok": false,
      "numba_time_s": 0.0,
      "pypy_time_s": 0.0
    },
    "bench_parse_msgpack.py": {
      "cpython_time_s": 0.0,
      "cython_ok": false,
      "cython_time_s": 0.0,
      "molt_cpython_ratio": null,
      "molt_ok": true,
      "molt_size_kb": 1797.2734375,
      "molt_speedup": 0.0,
      "molt_time_s": 0.011086291652948907,
      "numba_ok": false,
      "numba_time_s": 0.0,
      "pypy_time_s": 0.0
    },
    "bench_str_count.py": {
      "cpython_time_s": 0.06057952765452986,
      "cython_ok": true,
      "cython_time_s": 0.5720755833317526,
      "molt_cpython_ratio": 0.17439541703933267,
      "molt_ok": true,
      "molt_size_kb": 1797.2734375,
      "molt_speedup": 5.734095637240643,
      "molt_time_s": 0.010564791989357522,
      "numba_ok": true,
      "numba_time_s": 1.113277110659207,
      "pypy_time_s": 0.0
    },
    "bench_str_endswith.py": {
      "cpython_time_s": 0.049412791656019785,
      "cython_ok": true,
      "cython_time_s": 0.6711696390411817,
      "molt_cpython_ratio": 0.18717543950299068,
      "molt_ok": true,
      "molt_size_kb": 1797.3046875,
      "molt_speedup": 5.342581284463992,
      "molt_time_s": 0.009248860995285213,
      "numba_ok": true,
      "numba_time_s": 1.122800931004652,
      "pypy_time_s": 0.0
    },
    "bench_str_find.py": {
      "cpython_time_s": 0.04687262499161685,
      "cython_ok": true,
      "cython_time_s": 0.5858829170077419,
      "molt_cpython_ratio": 0.17964021332545105,
      "molt_ok": true,
      "molt_size_kb": 1797.3046875,
      "molt_speedup": 5.566682322895695,
      "molt_time_s": 0.00842020835261792,
      "numba_ok": true,
      "numba_time_s": 0.8654813746688887,
      "pypy_time_s": 0.0
    },
    "bench_str_join.py": {
      "cpython_time_s": 0.09006047233318289,
      "cython_ok": true,
      "cython_time_s": 0.6158159166419258,
      "molt_cpython_ratio": null,
      "molt_ok": false,
      "molt_size_kb": 0.0,
      "molt_speedup": 0.0,
      "molt_time_s": 0.0,
      "numba_ok": true,
      "numba_time_s": 1.3964251390037437,
      "pypy_time_s": 0.0
    },
    "bench_str_replace.py": {
      "cpython_time_s": 0.04865161129661525,
      "cython_ok": true,
      "cython_time_s": 0.5507235833210871,
      "molt_cpython_ratio": 0.20035078790759947,
      "molt_ok": true,
      "molt_size_kb": 1797.3046875,
      "molt_speedup": 4.991245656898508,
      "molt_time_s": 0.009747388656251132,
      "numba_ok": true,
      "numba_time_s": 1.041013777993309,
      "pypy_time_s": 0.0
    },
    "bench_str_split.py": {
      "cpython_time_s": 0.08784847233134012,
      "cython_ok": true,
      "cython_time_s": 0.6076529723359272,
      "molt_cpython_ratio": 0.09261655264968366,
      "molt_ok": true,
      "molt_size_kb": 1797.2734375,
      "molt_speedup": 10.797206021934736,
      "molt_time_s": 0.00813622266286984,
      "numba_ok": true,
      "numba_time_s": 0.8915686806625066,
      "pypy_time_s": 0.0
    },
    "bench_str_startswith.py": {
      "cpython_time_s": 0.04621826364503553,
      "cython_ok": true,
      "cython_time_s": 0.6732331109815277,
      "molt_cpython_ratio": 0.27348405883271737,
      "molt_ok": true,
      "molt_size_kb": 1797.3046875,
      "molt_speedup": 3.6565202530202034,
      "molt_time_s": 0.01263995833384494,
      "numba_ok": true,
      "numba_time_s": 1.1281124166562222,
      "pypy_time_s": 0.0
    },
    "bench_struct.py": {
      "cpython_time_s": 0.45869865266528603,
      "cython_ok": true,
      "cython_time_s": 0.8706535973081676,
      "molt_cpython_ratio": 0.4646676615994054,
      "molt_ok": true,
      "molt_size_kb": 1797.1640625,
      "molt_speedup": 2.152075736361679,
      "molt_time_s": 0.21314243031277633,
      "numba_ok": false,
      "numba_time_s": 0.0,
      "pypy_time_s": 0.0
    },
    "bench_sum.py": {
      "cpython_time_s": 2.1610395976652703,
      "cython_ok": true,
      "cython_time_s": 1.5722227496444248,
      "molt_cpython_ratio": 0.44903104139062744,
      "molt_ok": true,
      "molt_size_kb": 1797.1640625,
      "molt_speedup": 2.227017528460946,
      "molt_time_s": 0.9703738610260189,
      "numba_ok": true,
      "numba_time_s": 0.8337177083400699,
      "pypy_time_s": 0.0
    },
    "bench_sum_list.py": {
      "cpython_time_s": 0.2399663613177836,
      "cython_ok": true,
      "cython_time_s": 0.654194360676532,
      "molt_cpython_ratio": 0.8434167101220276,
      "molt_ok": true,
      "molt_size_kb": 1797.1640625,
      "molt_speedup": 1.1856535304539053,
      "molt_time_s": 0.20239163900259882,
      "numba_ok": true,
      "numba_time_s": 0.8413050136878155,
      "pypy_time_s": 0.0
    }
  },
  "created_at": "2026-01-03T03:43:38.941058+00:00",
  "git_rev": "60ef0b620ab30d33203603462e4dbcd1ec40d7c2",
  "schema_version": 1,
  "system": {
    "machine": "arm64",
    "platform": "macOS-26.1-arm64-arm-64bit",
    "python": "3.12.12"
  }
}
